timestamp	id	old_url_kind	new_video_id
2026-05-26T02:18:58Z	terraria	youtubeSearch	Yb6Ja-YHQ1c
2026-05-26T02:19:14Z	stardew-valley	youtubeSearch	m5_kcslaxmI
2026-05-26T02:19:28Z	magicka	youtubeSearch	lmLDkzwpMs8
2026-05-26T02:19:41Z	we-were-here	youtubeSearch	6M4SZZH_iFQ
2026-05-26T02:19:46Z	we-were-here-together	youtubeSearch	XTy9QU71FtQ
2026-05-26T02:20:00Z	streets-of-rage-4	youtubeSearch	0QQIQrCmz1E
2026-05-26T02:20:16Z	enter-the-gungeon	youtubeSearch	hEvjcwVUml4
2026-05-26T02:20:29Z	spelunky-2	youtubeSearch	JGhRmS4Gs-g
2026-05-26T02:20:44Z	spelunky	youtubeSearch	idJ0sGE8fio
2026-05-26T02:20:57Z	battleblock-theater	youtubeSearch	CS3Lj4-EtR8
2026-05-26T02:21:11Z	lego-skywalker-saga	youtubeSearch	s5_X2LoisQw
2026-05-26T02:21:25Z	lego-city-undercover	youtubeSearch	z5xMtpM6dPA
2026-05-26T02:21:37Z	lego-marvel-superheroes	youtubeSearch	HnbNGpN8T8s
2026-05-26T02:21:49Z	a-hat-in-time	youtubeSearch	jqEFLf-0tUU
2026-05-26T02:22:01Z	rayman-legends	youtubeSearch	Dt_Rw0u1xmo
2026-05-26T02:22:12Z	rayman-origins	youtubeSearch	XYYU4o9q1Fw
2026-05-26T02:22:28Z	sackboy-big-adventure	youtubeSearch	OetgxfDiqH8
2026-05-26T02:22:43Z	orcs-must-die-2	youtubeSearch	OzLGPao96ms
2026-05-26T02:22:57Z	dungeon-defenders	youtubeSearch	vX2lYTJKa7E
2026-05-26T02:23:11Z	sanctum-2	youtubeSearch	cFv0dhOnSFY
2026-05-26T02:23:24Z	world-war-z	youtubeSearch	dPxZV7KFahU
2026-05-26T02:23:36Z	zombie-army-trilogy	youtubeSearch	1OSaI8tTxnQ
2026-05-26T02:23:50Z	serious-sam-3	youtubeSearch	8ViDZN-zW3E
2026-05-26T02:24:05Z	serious-sam-4	youtubeSearch	O-ZRv1gpdHQ
2026-05-26T02:24:21Z	alien-swarm-reactive-drop	youtubeSearch	KZvHEpKNXnY
2026-05-26T02:24:34Z	powerwash-simulator	youtubeSearch	AIGIRdQALxE
2026-05-26T02:24:47Z	teardown	youtubeSearch	qLk-mdUMINI
2026-05-26T02:25:01Z	human-fall-flat	youtubeSearch	1Q6o-XtVz6M
2026-05-26T02:25:14Z	for-the-king	youtubeSearch	gZiFXgXFTqA
2026-05-26T02:25:27Z	streets-of-rogue	youtubeSearch	ARV3PEqN3jI
2026-05-26T02:25:38Z	nuclear-throne	youtubeSearch	-YS_lHKUGoo
2026-05-26T02:25:52Z	binding-of-isaac-rebirth	youtubeSearch	E6HNZYZFYAw
2026-05-26T02:26:05Z	keywe	youtubeSearch	8TK7-nHBZQY
2026-05-26T02:26:18Z	moving-out	youtubeSearch	DYTqHcPubxQ
2026-05-26T02:26:31Z	roboquest	youtubeSearch	qR_zwoYPUrg
2026-05-26T02:26:44Z	gunfire-reborn	youtubeSearch	lwxoc5Eh_FQ
2026-05-26T02:26:57Z	ravenswatch	youtubeSearch	7OFllCT_3ck
2026-05-26T02:27:12Z	wizard-of-legend	youtubeSearch	7txCf5jTOy8
2026-05-26T02:27:24Z	death-road-to-canada	youtubeSearch	09XMf0N2lJU
2026-05-26T02:27:42Z	kane-lynch-2	youtubeSearch	r_vIMU02GTE
2026-05-26T02:27:57Z	towerfall-ascension	youtubeSearch	bkEaLWtVSqM
2026-05-26T02:28:10Z	capcom-beat-em-up-bundle	youtubeSearch	hg-RVzP4bHM
2026-05-26T02:28:23Z	metal-slug-3	youtubeSearch	wgjqoDmVods
2026-05-26T02:28:37Z	monaco	youtubeSearch	rWqM3YVZiJw
2026-05-26T02:28:51Z	the-cave	youtubeSearch	DjJKUBR-APY
2026-05-26T02:29:04Z	20xx	youtubeSearch	4OEcKZ9Cgok
2026-05-26T02:29:18Z	vagante	youtubeSearch	w3X8Orp_Fjo
2026-05-26T02:29:31Z	barony	youtubeSearch	FWyOf82UsXc
2026-05-26T02:29:43Z	across-the-obelisk	youtubeSearch	EKlhgaZfKgM
2026-05-26T02:29:58Z	escape-simulator	youtubeSearch	uGFNGZfWycs
2026-05-26T02:30:10Z	keep-talking-nobody-explodes	youtubeSearch	CAbLeIgUoTg
2026-05-26T02:30:26Z	remnant-1	youtubeSearch	gAmfVuLvIaI
2026-05-26T02:30:41Z	dead-island-de	youtubeSearch	urvxAMDosFY
2026-05-26T02:30:57Z	portal-knights	youtubeSearch	2jK1hIF2zfs
2026-05-26T02:31:13Z	chained-together	youtubeSearch	Lwm0xHPmRis
2026-05-26T02:31:28Z	pico-park	youtubeSearch	NGmOZbTYrr8
2026-05-26T02:31:40Z	road-redemption	youtubeSearch	Ta448FEU8VA
2026-05-26T02:31:51Z	edf-4-1	youtubeSearch	ivK7H9NMiUM
2026-05-26T02:32:05Z	assault-android-cactus	youtubeSearch	HaQogKg__es
2026-05-26T02:32:19Z	fightn-rage	youtubeSearch	KHLg7RsaDbc
2026-05-26T02:32:32Z	door-kickers-action-squad	youtubeSearch	AWhQx_zd_ns
2026-05-26T02:32:47Z	madness-project-nexus	youtubeSearch	gjSInV8P8Js
2026-05-26T02:33:01Z	chicory-colorful-tale	youtubeSearch	_C-hZZYiwPI
2026-05-26T02:33:14Z	rabbit-and-steel	youtubeSearch	jUxtCGIiA_4
2026-05-26T02:33:29Z	door-kickers-2	youtubeSearch	5JUcXnNydAg
2026-05-26T02:33:45Z	heavenly-bodies	youtubeSearch	MFAdHlHSJKg
2026-05-26T02:34:01Z	bang-on-balls-chronicles	youtubeSearch	IJSqPoeqfUk
2026-05-26T02:34:14Z	echo-point-nova	youtubeSearch	3Bx528Rgy7c
2026-05-26T02:34:29Z	stick-it-to-the-stickman	youtubeSearch	4C8EY6HUE34
2026-05-26T02:34:42Z	age-of-empires-2-de	youtubeSearch	B2lPFRtaMhc
2026-05-26T02:34:56Z	mindustry	youtubeSearch	WOYOnhhj8f8
2026-05-26T02:35:12Z	crypt-of-the-necrodancer	youtubeSearch	ytLz4ptBdN0
2026-05-26T02:35:28Z	trine-1	youtubeSearch	6Hj1kcojnSU
2026-05-26T02:35:43Z	outlast-trials	youtubeSearch	lqytOzHvRLA
2026-05-26T02:36:10Z	cook-serve-delicious	youtubeSearch	gkZIB7hCMTc
2026-05-26T02:36:23Z	mosa-lina	youtubeSearch	ExwgTFTC0tw
2026-05-26T02:36:37Z	dishwasher-vampire-smile	youtubeSearch	3CowOAg-F0Q
2026-05-26T02:38:24Z	dying-light	youtube	fo_fqfUd3q8
2026-05-26T21:59:34Z	wuppo	youtube	9YPHyP8QV88
2026-05-26T21:59:35Z	raging-justice	youtube	yh71RcrIbdM
